**** All Elevator Calls (time,src,dest,state,elev dt) stage 7 ****
Elevator call,15.749018245415527,0,-6,3,0, Done, dt, 36.25098175458447
Elevator call,29.795724992354963,-4,80,3,0, Done, dt, 128.20427500764504
Elevator call,30.19242759005715,-7,88,3,0, Done, dt, 339.80757240994285
Elevator call,30.71595021642338,-5,74,3,1, Done, dt, 104.28404978357662
Elevator call,36.316621751195726,31,97,3,1, Done, dt, 227.68337824880427
Elevator call,46.331069014906234,-6,70,3,2, Done, dt, 100.66893098509377
Elevator call,52.229924572991195,-4,34,3,3, Done, dt, 64.7700754270088
Elevator call,61.04837839712013,-9,52,3,3, Done, dt, 179.95162160287987
Elevator call,62.31340802643376,-9,92,3,2, Done, dt, 284.68659197356624
Elevator call,62.42923444391522,-4,47,3,4, Done, dt, 77.57076555608478
Elevator call,62.88805493560881,4,74,3,4, Done, dt, 210.1119450643912
Elevator call,66.30025923587709,0,-1,3,5, Done, dt, 31.699740764122907
Elevator call,67.07281282103918,-4,85,3,5, Done, dt, 142.92718717896082
Elevator call,67.39684559916532,-4,80,3,6, Done, dt, 110.60315440083468
Elevator call,72.32053834730914,-1,44,3,7, Done, dt, 74.67946165269086
Elevator call,75.45009626287265,-9,-3,3,8, Done, dt, 27.54990373712735
Elevator call,79.5386026857368,0,-1,3,5, Done, dt, 18.461397314263195
Elevator call,82.00106471150661,-5,94,3,8, Done, dt, 141.99893528849339
Elevator call,85.05084296434165,-4,71,3,7, Done, dt, 204.94915703565835
Elevator call,85.05145915275011,-8,66,3,9, Done, dt, 96.94854084724989
Elevator call,86.4092159125421,-5,-1,3,9, Done, dt, 200.5907840874579
Elevator call,90.2739221800241,27,95,3,6, Done, dt, 228.7260778199759
Elevator call,97.56134129114707,-1,93,3,9, Done, dt, 293.4386587088529
Elevator call,99.09729234442648,-2,47,3,3, Done, dt, 264.9027076555735
Elevator call,100.09528650820425,-5,85,3,4, Done, dt, 361.90471349179575
Elevator call,104.82846934416693,-1,55,3,7, Done, dt, 333.17153065583307
Elevator call,105.17810733609576,-7,96,3,1, Done, dt, 385.82189266390424
Elevator call,106.41201702717126,-3,-1,3,9, Done, dt, 402.58798297282874
Elevator call,114.81417324516474,0,28,3,6, Done, dt, 347.18582675483526
Elevator call,115.21485779705449,-6,47,3,2, Done, dt, 412.7851422029455
Elevator call,132.22282787251766,12,-5,3,9, Done, dt, 426.77717212748234
Elevator call,146.35768340608342,-5,-9,3,6, Done, dt, 382.6423165939166
Elevator call,158.57843474073547,-4,-2,3,6, Done, dt, 397.4215652592645
Elevator call,159.7248447389004,-3,0,3,9, Done, dt, 424.2751552610996
Elevator call,161.17660060250478,-4,20,3,6, Done, dt, 440.8233993974952
Elevator call,165.7531344344295,0,32,3,9, Done, dt, 460.2468655655705
Elevator call,176.14887504764965,-2,-1,3,9, Done, dt, 110.85112495235035
Elevator call,181.45096466058635,-1,30,3,9, Done, dt, 528.5490353394136
Elevator call,186.51782449175312,-4,51,3,9, Done, dt, 632.4821755082469
Elevator call,195.15148933880414,44,83,3,9, Done, dt, 689.8485106611959
Elevator call,198.24467886016964,0,9,3,9, Done, dt, 798.7553211398304
Elevator call,209.23422890304005,-3,-8,3,9, Done, dt, 824.76577109696
Elevator call,213.83674037131436,-5,0,3,9, Done, dt, 370.16325962868564
Elevator call,215.1021415287812,-5,50,3,9, Done, dt, 926.8978584712188
Elevator call,215.59051445419368,-7,23,3,9, Done, dt, 1033.4094855458063
Elevator call,221.97598265680836,0,-9,3,8, Done, dt, 125.02401734319164
Elevator call,222.5359102535349,-4,88,3,0, Done, dt, 147.4640897464651
Elevator call,224.36051008672325,-5,13,3,8, Done, dt, 164.63948991327675
Elevator call,227.04590382523793,-9,-7,3,8, Done, dt, 205.95409617476207
Elevator call,227.38691454468858,-6,-2,3,8, Done, dt, 230.61308545531142
Elevator call,228.54160571475745,16,-9,3,8, Done, dt, 292.45839428524255
Elevator call,245.93291648523973,-4,-1,3,9, Done, dt, 1063.0670835147603
Elevator call,248.63460391073022,-2,40,3,8, Done, dt, 341.3653960892698
Elevator call,269.20102863151715,-2,76,3,8, Done, dt, 460.79897136848285
Elevator call,269.22907784823815,-2,58,3,8, Done, dt, 618.7709221517619
Elevator call,276.01601224888486,-1,100,3,8, Done, dt, 801.9839877511151
Elevator call,281.4335441423452,-8,6,3,8, Done, dt, 948.5664558576548
Elevator call,282.3742556797197,71,67,3,8, Done, dt, 1036.6257443202803
Elevator call,285.98693024600857,-7,-9,3,6, Done, dt, 243.01306975399143
Elevator call,288.8516461099614,15,99,3,8, Done, dt, 1186.1483538900386
Elevator call,304.58634081139144,0,14,3,8, Done, dt, 1303.4136591886086
Elevator call,307.87547983371155,34,28,3,8, Done, dt, 1346.1245201662884
Elevator call,310.61716965870755,7,80,3,8, Done, dt, 1457.3828303412924
Elevator call,312.0106401629912,75,-1,3,5, Done, dt, 175.9893598370088
Elevator call,315.10202800168577,-5,-6,3,2, Done, dt, 149.89797199831423
Elevator call,321.6696330121292,0,48,3,5, Done, dt, 235.33036698787078
Elevator call,326.2162004719032,-9,-8,3,5, Done, dt, 308.7837995280968
Elevator call,326.89462213255365,-3,0,3,5, Done, dt, 764.1053778674464
Elevator call,328.356698884342,-5,-6,3,2, Done, dt, 136.643301115658
Elevator call,328.4651171984574,-8,24,3,5, Done, dt, 348.5348828015426
Elevator call,339.867098554736,-9,10,3,5, Done, dt, 409.132901445264
Elevator call,356.7750171885598,-9,69,3,5, Done, dt, 509.2249828114402
Elevator call,369.88592756734556,0,-1,3,8, Done, dt, 597.1140724326544
Elevator call,373.94444349409787,-4,34,3,3, Done, dt, 109.05555650590213
Elevator call,374.7234961849488,-3,64,3,3, Done, dt, 232.27650381505123
Elevator call,374.8932447072923,-1,100,3,3, Done, dt, 2087.106755292708
Elevator call,379.36239737345954,-8,56,3,3, Done, dt, 383.63760262654046
Elevator call,385.0290806533617,35,-9,3,0, Done, dt, 117.97091934663831
Elevator call,390.0533346121049,-6,46,3,0, Done, dt, 187.9466653878951
Elevator call,393.16870473647714,-5,-4,3,6, Done, dt, 150.83129526352286
Elevator call,407.1815824331113,-8,-5,3,0, Done, dt, 491.8184175668887
Elevator call,407.2751756344478,-8,82,3,0, Done, dt, 334.7248243655522
Elevator call,411.8124634838655,65,-2,3,8, Done, dt, 1458.1875365161345
Elevator call,423.0325013937281,39,-5,3,6, Done, dt, 331.9674986062719
Elevator call,428.50976475833454,-2,26,3,6, Done, dt, 377.49023524166546
Elevator call,433.5968707841578,5,-7,3,9, Done, dt, 913.4031292158422
Elevator call,435.1813075400478,-4,47,3,2, Done, dt, 214.81869245995222
Elevator call,438.5413130199763,87,-7,3,7, Done, dt, 146.45868698002369
Elevator call,438.99163815922134,-5,14,3,7, Done, dt, 187.00836184077866
Elevator call,440.0203372604258,-7,-3,3,7, Done, dt, 230.97966273957422
Elevator call,447.93205545529304,-3,25,3,7, Done, dt, 261.06794454470696
Elevator call,451.3692847322909,-7,97,3,7, Done, dt, 413.6307152677091
Elevator call,452.03633893661413,-7,2,3,0, Done, dt, 477.96366106338587
Elevator call,459.1711197079285,-1,63,3,4, Done, dt, 172.82888029207152
Elevator call,460.29985923846334,-2,29,3,4, Done, dt, 287.70014076153666
Elevator call,466.2828258638442,-7,69,3,4, Done, dt, 413.7171741361558
Elevator call,468.0898444148602,19,70,3,4, Done, dt, 532.9101555851398
Elevator call,468.8096805917712,-9,54,3,3, Done, dt, 442.1903194082288
Elevator call,469.310926392428,-5,0,3,7, Done, dt, 1295.689073607572
Elevator call,473.7625230253907,8,96,3,7, Done, dt, 588.2374769746093
Elevator call,475.6592720845995,-7,81,3,0, Done, dt, 571.3407279154005
Elevator call,475.75634847981314,-3,4,3,5, Done, dt, 489.24365152018686
Elevator call,481.281534942201,-9,60,3,4, Done, dt, 697.718465057799
Elevator call,488.83835985282417,-1,78,3,1, Done, dt, 198.16164014717583
Elevator call,494.2289555346056,-9,69,2,1
Elevator call,494.9607965395985,-2,54,3,3, Done, dt, 558.0392034604015
Elevator call,496.6254987576124,-4,74,3,1, Done, dt, 370.3745012423876
Elevator call,499.05586101531685,-1,51,3,9, Done, dt, 319.94413898468315
Elevator call,499.0584255361498,100,-7,3,1, Done, dt, 530.9415744638502
Elevator call,505.16613839243473,71,-1,3,1, Done, dt, 694.8338616075653
Elevator call,505.6566422952949,-2,-9,3,3, Done, dt, 630.3433577047051
Elevator call,518.0671397332062,85,-6,3,7, Done, dt, 665.9328602667938
Elevator call,518.0880901967789,80,99,3,8, Done, dt, 1472.911909803221
Elevator call,520.0558146253045,-9,22,3,1, Done, dt, 792.9441853746955
Elevator call,529.1038889273484,-8,76,3,7, Done, dt, 760.8961110726516
Elevator call,540.3602365444688,-9,59,3,4, Done, dt, 795.6397634555312
Elevator call,546.6587095561388,9,-6,3,1, Done, dt, 842.3412904438612
Elevator call,548.4197675221164,42,-3,3,5, Done, dt, 519.5802324778836
Elevator call,550.5479493292721,-6,94,3,1, Done, dt, 968.4520506707279
Elevator call,552.3403654341223,0,61,3,5, Done, dt, 619.6596345658777
Elevator call,559.0984936097279,-1,58,3,8, Done, dt, 1610.901506390272
Elevator call,559.7947453492557,0,-5,3,6, Done, dt, 297.20525465074434
Elevator call,565.1545071354235,-1,45,3,4, Done, dt, 896.8454928645765
Elevator call,568.1655800754872,-6,35,3,7, Done, dt, 864.8344199245128
Elevator call,580.1703274780434,-3,11,3,1, Done, dt, 1553.8296725219566
Elevator call,582.4516390620886,-9,20,3,4, Done, dt, 982.5483609379114
Elevator call,589.0230372565832,-6,0,3,1, Done, dt, 815.9769627434168
Elevator call,595.490775913092,-6,6,3,8, Done, dt, 1670.509224086908
Elevator call,597.5318029103412,-8,85,3,1, Done, dt, 1820.4681970896588
Elevator call,607.5990041120776,-4,24,3,5, Done, dt, 739.4009958879224
Elevator call,610.140951042742,50,-4,3,5, Done, dt, 698.859048957258
Elevator call,611.224500217684,-9,10,2,4
Elevator call,612.0358635006885,0,46,3,4, Done, dt, 1038.9641364993115
Elevator call,613.9293840790681,-6,78,3,1, Done, dt, 2591.070615920932
Elevator call,616.3622393479691,-7,13,3,4, Done, dt, 1137.637760652031
Elevator call,623.189995332772,-5,7,3,4, Done, dt, 1222.810004667228
Elevator call,624.2051767199082,-6,40,3,4, Done, dt, 1300.7948232800918
Elevator call,624.9698485206718,-8,15,2,1
Elevator call,629.4378654758448,-3,-8,3,8, Done, dt, 576.5621345241552
Elevator call,631.070552463676,-7,85,3,1, Done, dt, 1786.929447536324
Elevator call,633.831429732139,-9,69,1,0
Elevator call,636.2539273076598,-2,3,2,0
Elevator call,639.7422437412283,-1,5,3,0, Done, dt, 2407.2577562587717
Elevator call,651.3868818369699,-9,-4,3,2, Done, dt, 81.6131181630301
Elevator call,652.5679783504393,-9,34,3,2, Done, dt, 158.43202164956074
Elevator call,653.5233419127721,-8,50,3,2, Done, dt, 287.47665808722786
Elevator call,653.5767423330274,-2,25,3,7, Done, dt, 863.4232576669726
Elevator call,656.5075633958386,27,-6,3,1, Done, dt, 2394.4924366041614
Elevator call,660.0054452877641,-1,65,3,2, Done, dt, 427.99455471223587
Elevator call,670.989016205667,0,34,3,2, Done, dt, 140.01098379433301
Elevator call,673.6204302245446,-6,-8,3,2, Done, dt, 199.37956977545537
Elevator call,673.8229933731336,-1,-5,3,4, Done, dt, 1140.1770066268664
Elevator call,675.8277544680782,-5,-7,3,0, Done, dt, 235.17224553192182
Elevator call,690.3435071708357,-9,90,3,4, Done, dt, 1402.6564928291643
Elevator call,691.7480968908078,85,-8,3,8, Done, dt, 1766.2519031091922
Elevator call,699.6717221723206,0,-2,3,3, Done, dt, 287.32827782767936
Elevator call,704.514667934332,-3,-5,3,0, Done, dt, 194.485332065668
Elevator call,705.2713073876516,-2,73,2,0
Elevator call,706.2201195583057,-3,-1,3,9, Done, dt, 602.7798804416943
Elevator call,708.0658532183179,-6,99,2,0
Elevator call,711.129308865326,-9,79,1,0
Elevator call,713.1376730035772,-9,7,1,0
Elevator call,715.847799365004,17,-5,3,0, Done, dt, 183.152200634996
Elevator call,717.5512012445001,-9,-8,1,0
Elevator call,741.5622717619144,-7,-2,3,0, Done, dt, 760.4377282380856
Elevator call,745.5777355501236,-3,43,3,2, Done, dt, 476.42226444987637
Elevator call,748.0824474536339,-8,44,3,2, Done, dt, 616.9175525463661
Elevator call,748.1507335303845,0,8,3,2, Done, dt, 698.8492664696155
Elevator call,753.4612292561235,11,-8,3,1, Done, dt, 1481.5387707438765
Elevator call,754.6284250093952,-7,31,3,2, Done, dt, 765.3715749906048
Elevator call,767.4868399779632,-8,78,2,0
Elevator call,774.1687516633001,-3,-4,3,5, Done, dt, 534.8312483366999
Elevator call,775.2702685445281,-7,93,2,0
Elevator call,777.9417682604236,0,15,2,1
Elevator call,778.6706319352074,-7,75,2,0
Elevator call,806.6390731763337,-7,38,2,0
Elevator call,817.4873896408544,-7,81,3,0, Done, dt, 229.51261035914558
Elevator call,822.8097093265976,-9,82,1,0
Elevator call,831.138684889266,-2,14,3,0, Done, dt, 870.861315110734
Elevator call,833.4568374273454,-9,-4,1,0
Elevator call,836.0439962699525,-1,22,3,1, Done, dt, 476.95600373004754
Elevator call,838.621570462085,78,-7,3,1, Done, dt, 191.37842953791505
Elevator call,839.8585210604213,-9,5,1,0
Elevator call,845.239391091478,-5,91,2,0
Elevator call,853.3581855434887,-1,72,3,6, Done, dt, 100.64181445651127
Elevator call,858.0973433429377,-7,-3,3,6, Done, dt, 198.90265665706227
Elevator call,858.7640159647192,-9,7,3,6, Done, dt, 240.2359840352808
Elevator call,866.5927868088187,27,10,3,6, Done, dt, 289.4072131911813
Elevator call,871.2739789725391,-7,9,3,6, Done, dt, 337.7260210274609
Elevator call,872.5166551295156,-2,-3,3,1, Done, dt, 1237.4833448704844
Elevator call,872.5448365095152,-1,16,3,6, Done, dt, 383.4551634904848
Elevator call,873.723507324602,-2,0,3,5, Done, dt, 217.276492675398
Elevator call,878.9296668926661,30,61,3,5, Done, dt, 293.0703331073339
Elevator call,883.1763136297499,-1,-9,3,1, Done, dt, 334.82368637025013
Elevator call,887.5384281811356,19,-8,2,1
Elevator call,901.9306690924346,-5,85,3,1, Done, dt, 1516.0693309075655
Elevator call,903.9760088669913,-8,-5,3,1, Done, dt, 456.02399113300874
Elevator call,904.4493607498194,-2,15,2,1
Elevator call,904.7476220042074,-6,37,3,6, Done, dt, 436.2523779957926
Elevator call,908.2916284360872,0,41,3,6, Done, dt, 530.7083715639128
Elevator call,910.091855145348,-8,41,3,6, Done, dt, 646.908144854652
Elevator call,916.9117749072182,11,65,3,2, Done, dt, 171.08822509278184
Elevator call,920.3691333028187,-5,3,3,6, Done, dt, 710.6308666971813
Elevator call,926.6693132841524,-8,-1,3,1, Done, dt, 319.3306867158476
Elevator call,928.0707967206309,-6,69,3,6, Done, dt, 816.9292032793691
Elevator call,940.046133612081,-3,96,3,6, Done, dt, 995.953866387919
Elevator call,943.9513718350207,-1,-8,3,2, Done, dt, 359.0486281649793
Elevator call,948.1728690237836,32,0,3,2, Done, dt, 480.8271309762164
Elevator call,952.7566520990791,0,69,3,6, Done, dt, 792.2433479009209
Elevator call,953.7894216698521,-8,0,3,0, Done, dt, 1258.2105783301479
Elevator call,956.5930699726732,-3,100,3,6, Done, dt, 1201.4069300273268
Elevator call,961.6163921662815,-7,-8,3,2, Done, dt, 341.38360783371854
Elevator call,966.5176234702363,0,-4,3,5, Done, dt, 342.48237652976366
Elevator call,966.9256591285076,-1,-9,3,1, Done, dt, 251.07434087149238
Elevator call,977.2552179973972,-2,60,3,4, Done, dt, 201.74478200260285
Elevator call,979.9158768124348,0,49,3,6, Done, dt, 1357.0841231875652
Elevator call,980.4155993581822,34,-3,3,1, Done, dt, 1129.5844006418179
Elevator call,981.5140367713311,-9,6,3,6, Done, dt, 1448.4859632286689
Elevator call,986.5456660052421,-3,34,3,6, Done, dt, 1509.454333994758
Elevator call,991.1137281303481,8,-4,3,5, Done, dt, 317.88627186965186
Elevator call,996.3578078670561,-2,22,3,1, Done, dt, 316.64219213294393
Elevator call,1003.2388752116157,-4,8,3,6, Done, dt, 1562.7611247883842
Elevator call,1007.7458269955551,77,9,3,6, Done, dt, 1715.254173004445
Elevator call,1010.6898119420231,-2,97,3,6, Done, dt, 1852.310188057977
Elevator call,1010.9391008294499,-2,35,3,7, Done, dt, 590.0608991705501
Elevator call,1013.8120920845433,-9,97,3,6, Done, dt, 1849.1879079154567
Elevator call,1014.8218066567042,73,67,3,6, Done, dt, 2140.178193343296
Elevator call,1020.995566143799,0,-5,3,4, Done, dt, 793.004433856201
Elevator call,1026.0632373857823,-7,94,3,6, Done, dt, 2323.9367626142175
Elevator call,1033.9873027755625,0,13,3,4, Done, dt, 720.0126972244375
Elevator call,1034.2429393962907,-3,50,3,9, Done, dt, 517.7570606037093
Elevator call,1037.5381863870532,36,63,3,6, Done, dt, 2417.4618136129466
Elevator call,1039.0166386683122,64,-3,3,1, Done, dt, 1070.9833613316878
Elevator call,1040.8785473199173,17,-3,3,1, Done, dt, 1069.1214526800827
Elevator call,1046.4929541791291,-7,16,3,0, Done, dt, 131.50704582087087
Elevator call,1047.0640670584146,0,15,2,1
Elevator call,1052.1533586579985,-4,-3,3,0, Done, dt, 438.8466413420015
Elevator call,1055.7654004279252,64,-1,3,1, Done, dt, 900.2345995720748
Elevator call,1056.025973584793,79,-4,3,0, Done, dt, 307.97402641520694
Elevator call,1056.7263776548543,-6,28,3,0, Done, dt, 363.27362234514567
Elevator call,1058.3081232225413,-7,0,2,1
Elevator call,1064.8596084053365,0,20,3,4, Done, dt, 1158.1403915946635
Elevator call,1068.133111272949,-5,7,2,0
Elevator call,1071.5299202590627,78,-9,3,6, Done, dt, 2505.4700797409373
Elevator call,1072.6931573031131,24,-5,1,6
Elevator call,1076.5286858938407,-8,-3,3,0, Done, dt, 414.4713141061593
Elevator call,1081.876341151392,1,-9,3,4, Done, dt, 1190.123658848608
Elevator call,1085.4640067716095,-4,78,3,1, Done, dt, 2119.5359932283905
Elevator call,1087.096912309178,-2,48,3,0, Done, dt, 474.9030876908221
Elevator call,1089.1330034314287,12,39,3,0, Done, dt, 555.8669965685713
Elevator call,1096.1940935251605,45,14,3,0, Done, dt, 605.8059064748395
Elevator call,1096.3608057449887,89,-8,3,0, Done, dt, 1799.6391942550113
Elevator call,1097.8682818024386,-3,19,3,0, Done, dt, 1925.1317181975614
Elevator call,1097.9943797079113,21,0,3,2, Done, dt, 473.0056202920887
Elevator call,1099.5628598638423,-1,95,3,0, Done, dt, 2185.4371401361577
Elevator call,1103.5139321133852,57,50,3,5, Done, dt, 303.4860678866148
Elevator call,1109.5092579654965,42,-2,3,8, Done, dt, 1472.4907420345035
Elevator call,1113.4819378281786,-4,-5,3,4, Done, dt, 700.5180621718214
Elevator call,1114.3387460280615,-5,33,3,0, Done, dt, 1406.6612539719385
Elevator call,1120.783107178419,88,-7,1,0
Elevator call,1124.2866803183526,-4,-5,3,4, Done, dt, 689.7133196816474
Elevator call,1124.5204362199445,-4,84,2,0
Elevator call,1127.2771396873368,-1,67,2,0
Elevator call,1129.6951840556462,88,78,1,0
Elevator call,1130.7796742473615,90,-5,2,0
Elevator call,1131.9386400734377,-1,39,3,3, Done, dt, 72.06135992656232
Elevator call,1133.4974683313176,82,-3,3,1, Done, dt, 976.5025316686824
Elevator call,1136.9794442952211,94,-9,3,6, Done, dt, 2440.020555704779
Elevator call,1137.7165617865576,-4,-5,3,0, Done, dt, 837.2834382134424
Elevator call,1140.1116595096928,63,94,3,1, Done, dt, 378.8883404903072
Elevator call,1140.607781227626,-1,37,3,6, Done, dt, 200.392218772374
Elevator call,1147.586188832025,-1,42,3,8, Done, dt, 1380.413811167975
Elevator call,1150.267507837832,-1,35,3,7, Done, dt, 542.732492162168
Elevator call,1151.658727358963,72,30,3,3, Done, dt, 147.341272641037
Elevator call,1155.2478699706228,57,-6,3,1, Done, dt, 1895.7521300293772
Elevator call,1155.513869719589,-8,-2,3,1, Done, dt, 123.48613028041109
Elevator call,1156.9334725726774,64,-5,2,0
Elevator call,1160.0660631455569,-9,20,3,3, Done, dt, 2403.9339368544433
Elevator call,1161.6591338245048,-6,89,3,3, Done, dt, 288.3408661754952
Elevator call,1164.728331519608,-9,26,3,2, Done, dt, 524.271668480392
Elevator call,1169.4817505427018,87,3,3,3, Done, dt, 386.5182494572982
Elevator call,1172.241691763238,-2,5,3,3, Done, dt, 425.7583082367621
Elevator call,1175.8064061576379,-3,-7,3,0, Done, dt, 1731.1935938423621
Elevator call,1177.299486235032,-2,93,3,3, Done, dt, 542.700513764968
Elevator call,1177.7987404978467,-9,-7,3,3, Done, dt, 704.2012595021533
Elevator call,1178.015835246246,-3,-2,3,0, Done, dt, 323.98416475375393
Elevator call,1181.3039754485312,32,-4,3,0, Done, dt, 182.69602455146878
Elevator call,1189.747135005189,10,84,1,0
Elevator call,1191.7807556168002,-2,0,3,4, Done, dt, 1141.2192443831998
Elevator call,1194.3589871904749,95,-3,1,6
Elevator call,1194.8279267574135,-9,44,3,3, Done, dt, 802.1720732425865
Elevator call,1195.0197302538409,86,-7,1,0
Elevator call,1196.736234981608,0,97,3,6, Done, dt, 1666.263765018392
Elevator call,1199.0927229254387,2,-5,2,0
Elevator call,1212.9495496617437,-7,-1,2,1
Elevator call,1213.4952781288955,96,0,3,6, Done, dt, 1064.5047218711045
Elevator call,1230.8474497682323,-8,-7,3,0, Done, dt, 1676.1525502317677
Elevator call,1234.2249555408423,0,-7,3,0, Done, dt, 1672.7750444591577
Elevator call,1256.0136918361975,-6,59,2,0
Elevator call,1256.2956453637985,53,81,1,0
Elevator call,1257.5151982624272,-7,61,2,0
Elevator call,1257.8673734486724,-7,64,3,0, Done, dt, 2078.1326265513276
Elevator call,1258.161774931175,62,-9,3,3, Done, dt, 611.8382250688251
Elevator call,1258.6213960712685,-9,71,1,0
Elevator call,1260.4164516948672,24,-4,3,0, Done, dt, 103.58354830513281
Elevator call,1261.00756521848,88,-3,1,0
Elevator call,1267.841295487607,-6,-8,3,1, Done, dt, 967.1587045123929
Elevator call,1268.5913848370521,-1,-5,3,0, Done, dt, 706.4086151629479
Elevator call,1269.1090305791686,-5,-6,3,1, Done, dt, 119.89096942083142
Elevator call,1278.2055930716074,-9,-8,1,0
Elevator call,1278.5528936861847,32,0,3,0, Done, dt, 933.4471063138153
Elevator call,1280.7434642536655,0,63,3,1, Done, dt, 197.25653574633452
Elevator call,1283.268844048232,-8,-7,3,0, Done, dt, 1623.731155951768
Elevator call,1285.798385882397,-8,56,3,0, Done, dt, 598.201614117603
Elevator call,1292.3129101975474,-4,19,3,0, Done, dt, 1730.6870898024526
Elevator call,1293.4065510053879,-4,24,3,0, Done, dt, 1280.5934489946121
Elevator call,1295.1651335589634,-3,75,2,0
Elevator call,1308.551782108946,-1,-6,3,1, Done, dt, 80.4482178910539
Elevator call,1309.1069505192158,37,-5,1,0
Elevator call,1309.8273426190822,-6,37,2,0
Elevator call,1311.5960347496234,-4,-1,2,6
Elevator call,1316.6618116037375,64,-4,2,0
Elevator call,1319.1400616921742,83,53,2,0
Elevator call,1321.8354086257034,83,-8,3,0, Done, dt, 1574.1645913742966
Elevator call,1330.157155209612,-7,85,3,1, Done, dt, 1087.842844790388
Elevator call,1331.2069623289547,5,-6,3,1, Done, dt, 849.7930376710453
Elevator call,1333.039214889335,-7,-5,3,0, Done, dt, 1619.960785110665
Elevator call,1333.1976354198257,-9,0,3,4, Done, dt, 261.8023645801743
Elevator call,1335.7389474728477,-8,-5,3,1, Done, dt, 934.2610525271523
Elevator call,1343.4698084673373,27,10,1,0
Elevator call,1345.7896513912394,28,-2,3,1, Done, dt, 299.21034860876057
Elevator call,1351.7657314337291,62,0,1,0
Elevator call,1355.5862756776796,71,0,1,0
Elevator call,1359.396046897693,-9,-5,1,0
Elevator call,1359.6819449257098,0,-5,3,0, Done, dt, 947.3180550742902
Elevator call,1361.8096323938537,-8,100,2,0
Elevator call,1364.6717044093705,-1,26,3,2, Done, dt, 324.3282955906295
Elevator call,1367.6027041050029,-1,67,2,0
Elevator call,1373.0882582142779,90,-8,2,0
Elevator call,1376.3963255999447,-6,0,3,0, Done, dt, 1749.6036744000553
Elevator call,1376.7489948278671,-9,75,1,0
Elevator call,1377.8828637044182,-6,-9,3,2, Done, dt, 232.11713629558176
Elevator call,1382.6004668956462,93,-7,1,0
Elevator call,1386.1134891552115,67,85,3,1, Done, dt, 1031.8865108447885
Elevator call,1387.5517420446376,-1,-8,3,0, Done, dt, 88.44825795536235
Elevator call,1389.5699136864034,-4,7,3,4, Done, dt, 456.4300863135966
Elevator call,1389.5832358917437,-1,95,3,0, Done, dt, 1895.4167641082563
Elevator call,1398.190189958595,-1,51,2,0
Elevator call,1398.8116314078034,-2,78,3,1, Done, dt, 1806.1883685921966
Elevator call,1399.5445037934523,-9,95,1,0
Elevator call,1401.7909233822816,-5,-4,3,0, Done, dt, 1562.2090766177184
Elevator call,1409.0936787967266,72,0,1,0
Elevator call,1409.5865764185655,-4,79,3,5, Done, dt, 157.41342358143447
Elevator call,1413.057875353343,-3,44,3,3, Done, dt, 583.942124646657
Elevator call,1413.8491057137267,-9,93,3,5, Done, dt, 363.15089428627334
Elevator call,1415.2198614251874,21,-2,3,1, Done, dt, 229.78013857481255
Elevator call,1430.9174116229583,0,5,3,3, Done, dt, 167.0825883770417
Elevator call,1434.5299167441794,-3,29,3,5, Done, dt, 490.47008325582055
Elevator call,1436.2168629864145,91,-5,1,0
Elevator call,1438.195963594985,-2,-7,3,0, Done, dt, 1468.804036405015
Elevator call,1438.9733911522667,-2,17,3,5, Done, dt, 556.0266088477333
Elevator call,1445.3997250625669,68,97,1,6
Elevator call,1448.363061045125,-3,-4,3,0, Done, dt, 1515.636938954875
Elevator call,1448.6192850758398,17,-3,3,0, Done, dt, 1542.3807149241602
Elevator call,1450.8833901237965,53,92,3,5, Done, dt, 639.1166098762035
Elevator call,1453.0719209259003,64,59,3,5, Done, dt, 689.9280790740997
Elevator call,1453.2796698523143,-8,-9,3,2, Done, dt, 156.72033014768567
Elevator call,1453.9463870022385,-2,-1,1,2
Elevator call,1454.8285009964547,-7,16,3,5, Done, dt, 797.1714990035453
Elevator call,1456.729155879928,39,-8,3,0, Done, dt, 1439.270844120072
Elevator call,1458.6556107182482,-8,95,3,5, Done, dt, 940.3443892817518
Elevator call,1462.670036288836,-9,-1,1,0
Elevator call,1463.9216608161023,-6,3,3,5, Done, dt, 1075.0783391838977
Elevator call,1467.0278870048103,1,-5,1,0
Elevator call,1467.776637427496,-9,34,3,5, Done, dt, 1176.223362572504
Elevator call,1469.4040181557145,56,-8,3,0, Done, dt, 1426.5959818442855
Elevator call,1470.0343725472844,-5,-8,3,0, Done, dt, 1425.9656274527156
Elevator call,1470.5915544130855,26,-6,3,1, Done, dt, 1580.4084455869145
Elevator call,1473.8357063300914,73,0,1,0
Elevator call,1480.1127424576987,-2,-3,3,0, Done, dt, 1510.8872575423013
Elevator call,1480.8499657928244,-9,0,1,0
Elevator call,1484.4219848364883,-5,44,3,3, Done, dt, 512.5780151635117
Elevator call,1484.9843372457965,34,-1,3,1, Done, dt, 471.0156627542035
Elevator call,1486.4270603590999,6,61,3,5, Done, dt, 1260.5729396409001
Elevator call,1491.5501911539536,-8,-4,3,4, Done, dt, 805.4498088460464
Elevator call,1492.2050732571352,-8,72,3,5, Done, dt, 1423.7949267428648
Elevator call,1493.5040011527858,37,-1,1,0
Elevator call,1501.9792231166773,-8,94,3,5, Done, dt, 1616.0207768833227
Elevator call,1504.345129229799,-1,-3,3,1, Done, dt, 605.6548707702009
Elevator call,1506.6405513680484,66,-1,3,0, Done, dt, 1336.3594486319516
Elevator call,1511.122814913926,66,-9,3,3, Done, dt, 358.87718508607395
Elevator call,1512.0862103742395,-7,-2,3,1, Done, dt, 1588.9137896257605
Elevator call,1517.0997562085338,74,-8,3,0, Done, dt, 1378.9002437914662
Elevator call,1519.0011868479132,17,-5,3,0, Done, dt, 455.99881315208677
Elevator call,1521.3196549866036,-6,-1,3,2, Done, dt, 116.68034501339639
Elevator call,1521.9781647845343,-3,-2,3,1, Done, dt, 1579.0218352154657
Elevator call,1522.6379258519248,-3,26,3,2, Done, dt, 166.36207414807518
Elevator call,1530.5513745983471,-9,41,3,5, Done, dt, 1922.4486254016529
Elevator call,1530.85754457119,-4,17,3,5, Done, dt, 2008.14245542881
Elevator call,1536.7016899722921,63,-2,2,0
Elevator call,1544.548897024319,-8,86,2,5
Elevator call,1550.7748573437716,-5,82,3,9, Done, dt, 163.2251426562284
Elevator call,1551.5046043588582,-5,67,3,1, Done, dt, 838.4953956411418
Elevator call,1553.774225694755,-8,71,3,9, Done, dt, 349.22577430524507
Elevator call,1554.4984888175804,47,0,1,0
Elevator call,1557.8899977710064,-5,39,3,9, Done, dt, 495.1100022289936
Elevator call,1559.9211648743733,64,-3,2,0
Elevator call,1560.2286689629939,-7,48,3,9, Done, dt, 613.7713310370061
Elevator call,1562.8630509641032,-6,19,3,9, Done, dt, 710.1369490358968
Elevator call,1569.1249367131154,61,48,3,9, Done, dt, 778.8750632868846
Elevator call,1573.8160167405301,24,0,3,0, Done, dt, 1552.1839832594699
Elevator call,1575.8128326474823,26,-1,3,0, Done, dt, 1267.1871673525177
Elevator call,1578.228615210757,-7,11,3,4, Done, dt, 847.771384789243
Elevator call,1586.8782337177286,57,-9,3,3, Done, dt, 283.12176628227144
Elevator call,1586.8937915181255,-6,20,3,9, Done, dt, 861.1062084818745
Elevator call,1588.7886769605539,-5,-3,3,0, Done, dt, 1402.2113230394461
Elevator call,1593.620333329857,-3,24,2,6
Elevator call,1596.42375311512,2,-6,3,1, Done, dt, 584.57624688488
Elevator call,1596.498825648534,-7,81,3,9, Done, dt, 996.501174351466
Elevator call,1599.6023362357776,52,-8,3,0, Done, dt, 1296.3976637642224
Elevator call,1606.048199107591,-5,41,3,5, Done, dt, 1846.951800892409
Elevator call,1607.039780635179,-2,49,3,9, Done, dt, 1139.960219364821
Elevator call,1609.3913935044425,35,76,3,9, Done, dt, 1212.6086064955575
Elevator call,1609.6899676101227,-6,-5,3,0, Done, dt, 1343.3100323898773
Elevator call,1611.625231787892,-6,-2,3,1, Done, dt, 1489.374768212108
Elevator call,1624.8359044781635,-4,45,3,9, Done, dt, 1356.1640955218365
Elevator call,1625.9681052615276,-4,82,3,9, Done, dt, 1510.0318947384724
Elevator call,1626.1790792816892,-7,-1,2,6
Elevator call,1629.9601990569108,47,92,3,9, Done, dt, 1606.0398009430892
Elevator call,1630.1516366527085,-8,-7,3,0, Done, dt, 1276.8483633472915
Elevator call,1630.1599428424747,-8,-2,3,1, Done, dt, 1470.8400571575253
Elevator call,1633.8628536891015,-3,73,3,9, Done, dt, 1793.1371463108985
Elevator call,1637.4322316164148,-8,76,3,9, Done, dt, 1184.5677683835852
Elevator call,1647.6372030195641,79,-3,1,0
Elevator call,1647.672741079407,77,-6,3,1, Done, dt, 1403.327258920593
Elevator call,1662.5516512983957,-4,53,2,9
Elevator call,1663.2806784599318,33,0,3,0, Done, dt, 1462.7193215400682
Elevator call,1664.5476696784963,5,10,2,0
Elevator call,1665.195253462125,89,3,1,9
Elevator call,1665.919196366534,0,39,3,9, Done, dt, 387.0808036334661
Elevator call,1682.3284965323571,-2,88,2,0
Elevator call,1690.2221532748383,25,-4,1,0
Elevator call,1692.6152969267432,89,0,3,0, Done, dt, 519.3847030732568
Elevator call,1696.2589094900918,-3,0,3,1, Done, dt, 510.7410905099082
Elevator call,1696.2918626858586,91,-6,3,5, Done, dt, 823.7081373141414
Elevator call,1698.762803655117,-4,46,3,2, Done, dt, 100.23719634488293
Elevator call,1701.4201763845674,-6,-1,1,6
Elevator call,1701.8803706148465,37,-7,1,0
Elevator call,1706.5142392407379,-4,-2,3,1, Done, dt, 1394.4857607592621
Elevator call,1708.6991482884316,97,-9,3,6, Done, dt, 1280.3008517115684
Elevator call,1717.932502343578,90,10,3,2, Done, dt, 225.0674976564219
Elevator call,1719.7282817994467,-6,51,3,2, Done, dt, 316.2717182005533
Elevator call,1719.963571290317,0,51,3,7, Done, dt, 106.03642870968292
Elevator call,1725.9393946095554,74,-8,3,0, Done, dt, 1170.0606053904446
Elevator call,1726.1150084689243,51,0,1,0
Elevator call,1730.2332666478117,12,55,3,7, Done, dt, 197.76673335218834
Elevator call,1732.9573661571876,-8,37,3,7, Done, dt, 323.0426338428124
Elevator call,1750.164102800524,-2,86,3,7, Done, dt, 452.835897199476
Elevator call,1751.6678216247053,29,-9,3,3, Done, dt, 318.3321783752947
Elevator call,1764.8078559569117,-3,60,3,2, Done, dt, 408.1921440430883
Elevator call,1769.8389626703392,-9,-5,3,3, Done, dt, 152.16103732966076
Elevator call,1777.4224004844104,30,-2,3,0, Done, dt, 858.5775995155896
Elevator call,1779.5704493989094,78,-9,1,5
Elevator call,1783.460185580543,0,28,3,2, Done, dt, 497.5398144194569
Elevator call,1793.1386632390193,-6,52,3,7, Done, dt, 579.8613367609807
Elevator call,1795.3840366329034,-1,92,3,7, Done, dt, 743.6159633670966
Elevator call,1798.8062614274513,99,-1,3,8, Done, dt, 302.1937385725487
Elevator call,1800.9212844133692,-6,70,3,7, Done, dt, 932.0787155866308
Elevator call,1801.3363361988281,77,-8,2,1
Elevator call,1805.6961423798568,-5,-1,1,6
Elevator call,1805.9677687934318,-9,-3,1,0
Elevator call,1809.0801264727436,79,61,3,7, Done, dt, 970.9198735272564
Elevator call,1810.4987269971934,65,-3,3,1, Done, dt, 299.50127300280656
Elevator call,1811.2985223081496,15,-5,3,0, Done, dt, 163.7014776918504
Elevator call,1811.839206541792,-1,68,3,7, Done, dt, 1119.160793458208
Elevator call,1812.150597203872,-8,18,3,7, Done, dt, 1240.849402796128
Elevator call,1815.9544591774759,-2,-3,3,0, Done, dt, 1175.0455408225241
Elevator call,1824.5142257256014,-6,25,1,6
Elevator call,1825.222850516972,-8,-5,3,0, Done, dt, 1127.777149483028
Elevator call,1834.5108518114855,-6,34,3,5, Done, dt, 809.4891481885145
Elevator call,1835.0542641279935,91,19,2,5
Elevator call,1838.000616555032,-2,54,2,5
Elevator call,1840.6184402802592,-5,70,3,7, Done, dt, 1340.3815597197408
Elevator call,1846.2152711396009,15,-3,3,0, Done, dt, 1144.7847288603991
Elevator call,1846.7868554713177,84,-3,1,0
Elevator call,1847.2240792198515,-3,56,2,5
Elevator call,1847.4740671030434,7,-7,1,0
Elevator call,1848.0602992362794,-7,20,2,5
Elevator call,1848.9961542115327,-6,8,2,5
Elevator call,1852.752340498449,76,0,1,0
Elevator call,1859.349320167251,-8,44,3,3, Done, dt, 137.6506798327489
Elevator call,1873.359740399817,-7,-6,3,0, Done, dt, 1044.640259600183
Elevator call,1884.6047056912837,0,-3,3,0, Done, dt, 1106.3952943087163
Elevator call,1885.681637444472,-4,12,2,0
Elevator call,1885.9488042136463,-2,-4,3,0, Done, dt, 1078.0511957863537
Elevator call,1887.0557642165068,-7,-2,3,1, Done, dt, 1213.9442357834932
Elevator call,1889.4260573509669,6,62,2,0
Elevator call,1898.8634607597169,-3,71,2,0
Elevator call,1900.9976263527983,-5,34,3,5, Done, dt, 743.0023736472017
Elevator call,1901.607017830804,47,88,1,0
Elevator call,1906.1523419323842,0,68,3,7, Done, dt, 1432.8476580676158
Elevator call,1906.6598899662258,40,-6,3,1, Done, dt, 1144.3401100337742
Elevator call,1909.655791312668,0,-8,3,0, Done, dt, 986.344208687332
Elevator call,1912.2314885532705,-9,-10,2,5
Elevator call,1914.8421297102818,10,-3,1,0
Elevator call,1915.2291894348991,-7,67,3,1, Done, dt, 474.7708105651009
Elevator call,1917.69049401421,-7,69,2,5
Elevator call,1917.7499176083586,-9,59,2,5
Elevator call,1919.3074429779163,-1,-2,2,0
Elevator call,1919.6716972342283,-5,-8,3,0, Done, dt, 976.3283027657717
Elevator call,1920.3096711977526,0,39,3,0, Done, dt, 616.6903288022474
Elevator call,1921.7726611524859,-9,-3,1,0
Elevator call,1922.7883202140088,53,-3,1,0
Elevator call,1932.562950319554,29,-3,1,0
Elevator call,1932.6573817735257,85,-2,1,0
Elevator call,1933.0337015632977,24,-6,3,1, Done, dt, 1117.9662984367023
Elevator call,1936.0320781299527,-7,43,2,0
Elevator call,1937.925728003978,31,-1,1,0
Elevator call,1938.0762716201752,78,-4,1,0
Elevator call,1948.555681704303,0,-8,3,0, Done, dt, 947.444318295697
Elevator call,1956.6023567263885,0,66,3,0, Done, dt, 511.3976432736115
Elevator call,1961.0240553170938,-5,-8,3,0, Done, dt, 934.9759446829062
Elevator call,1961.2369411325635,66,-8,3,0, Done, dt, 934.7630588674365
Elevator call,1963.2447780873338,-3,4,2,0
Elevator call,1971.4873305677718,-2,56,1,5
Elevator call,1972.2600180059094,47,-1,1,0
Elevator call,1976.7333140795881,-3,0,3,1, Done, dt, 230.26668592041187
Elevator call,1981.7856707361307,5,-1,3,0, Done, dt, 1197.2143292638693
Elevator call,1987.0127160886243,-7,15,2,1
Elevator call,1987.9478433322706,0,45,3,9, Done, dt, 993.0521566677294
Elevator call,1988.3117574500216,-6,12,2,0
Elevator call,1993.2440328634868,-3,49,2,0
Elevator call,1994.1579094560807,-4,78,3,1, Done, dt, 1210.8420905439193
Elevator call,1994.7214522513736,98,-3,1,0
Elevator call,2000.8830086749247,14,-6,3,1, Done, dt, 1050.1169913250753
Elevator call,2002.4337488620786,-6,73,2,0
Elevator call,2006.0789004130793,50,-4,1,0
Elevator call,2006.0969317405777,-3,14,2,0
Elevator call,2008.4617857810422,44,-8,3,0, Done, dt, 887.5382142189578
Elevator call,2012.1263566635726,-2,89,2,0
Elevator call,2019.5434215473765,-3,-4,2,0
Elevator call,2020.392520772742,-9,0,1,0
Elevator call,2030.306197491227,3,97,3,6, Done, dt, 832.6938025087729
Elevator call,2033.6829780053977,-4,-1,2,6
Elevator call,2034.0703878283923,-1,-2,2,0
Elevator call,2037.5403520097275,63,-9,3,5, Done, dt, 1345.4596479902725
Elevator call,2040.5403912392665,77,-2,1,0
Elevator call,2042.8936893216141,53,-1,1,1
Elevator call,2049.494678370923,100,-9,1,0
Elevator call,2049.8943360013054,90,-9,3,5, Done, dt, 1333.1056639986946
Elevator call,2052.1381634545337,0,44,3,0, Done, dt, 447.8618365454663
Elevator call,2055.2048584188574,-4,28,2,0
Elevator call,2074.1602260070686,-7,87,3,3, Done, dt, 116.83977399293144
Elevator call,2074.827971861633,-2,-8,3,0, Done, dt, 821.1720281383668
Elevator call,2078.503828327013,76,-3,1,0
Elevator call,2082.082000465484,44,-3,3,0, Done, dt, 908.9179995345162
Elevator call,2082.7266932812413,-1,0,3,1, Done, dt, 124.2733067187587
Elevator call,2083.8462573018965,-8,12,3,3, Done, dt, 242.15374269810354
Elevator call,2087.101967355693,-2,100,3,3, Done, dt, 374.898032644307
Elevator call,2091.6492634975334,-6,11,3,4, Done, dt, 388.3507365024666
Elevator call,2094.104679152081,-9,-5,3,5, Done, dt, 500.8953208479188
Elevator call,2094.1862973617185,-1,71,3,3, Done, dt, 570.8137026382815
Elevator call,2094.733112485749,-2,39,3,3, Done, dt, 704.2668875142508
Elevator call,2106.798348438753,31,-9,1,5
Elevator call,2107.243942145056,-8,51,3,3, Done, dt, 817.7560578549442
Elevator call,2109.847076987457,30,-5,3,0, Done, dt, 197.15292301254294
Elevator call,2110.283068689353,-7,-4,3,0, Done, dt, 853.7169313106469
Elevator call,2119.204458052775,-1,0,3,0, Done, dt, 1006.795541947225
Elevator call,2120.03235734159,-1,-3,3,0, Done, dt, 870.9676426584101
Elevator call,2120.2698195490393,49,-8,3,0, Done, dt, 775.7301804509607
Elevator call,2121.3783153766067,61,-3,1,0
Elevator call,2123.4911668562454,-1,-3,3,0, Done, dt, 867.5088331437546
Elevator call,2129.2611835497505,51,-3,1,0
Elevator call,2130.948478447417,-8,4,3,3, Done, dt, 885.0515215525829
Elevator call,2132.590041054732,20,-1,1,1
Elevator call,2136.177876849353,33,-2,3,0, Done, dt, 499.8221231506468
Elevator call,2146.043528234148,20,-3,3,0, Done, dt, 844.9564717658518
Elevator call,2146.5467075788324,0,2,3,7, Done, dt, 1282.4532924211676
Elevator call,2163.3526366870346,49,0,3,0, Done, dt, 962.6473633129654
Elevator call,2164.731467124051,-7,64,3,3, Done, dt, 953.268532875949
Elevator call,2168.725268768976,-1,30,3,3, Done, dt, 1065.274731231024
Elevator call,2170.41309061791,20,0,3,0, Done, dt, 201.5869093820902
Elevator call,2171.485302332734,31,-1,1,0
Elevator call,2173.769133159386,-2,-3,3,0, Done, dt, 817.230866840614
Elevator call,2174.16323771391,88,-1,1,0
Elevator call,2178.1451183918025,0,11,3,4, Done, dt, 247.8548816081975
Elevator call,2180.5776227659526,-9,-1,2,6
Elevator call,2180.7777376319914,-3,3,2,5
Elevator call,2185.3963906660806,61,-5,1,0
Elevator call,2186.2575133426103,-7,94,3,5, Done, dt, 931.7424866573897
Elevator call,2187.578462424489,96,-2,1,0
Elevator call,2187.657378164671,10,-3,1,0
Elevator call,2189.677537866209,-2,-3,3,0, Done, dt, 801.3224621337909
Elevator call,2191.616205395384,79,24,1,0
Elevator call,2194.8834447012796,0,-5,3,0, Done, dt, 112.11655529872041
Elevator call,2196.9779474754614,-7,21,2,0
Elevator call,2199.844327100281,47,0,1,0
Elevator call,2213.053771619328,42,0,1,0
Elevator call,2219.465030465447,-4,-6,3,1, Done, dt, 831.534969534553
Elevator call,2221.536680482424,-3,73,2,0
Elevator call,2224.6662018751736,-4,14,2,0
Elevator call,2227.1514009621083,92,-2,1,0
Elevator call,2230.3776313831686,77,9,3,6, Done, dt, 492.6223686168314
Elevator call,2230.495301840292,79,-7,1,0
Elevator call,2230.7235109092044,39,-2,3,0, Done, dt, 405.2764890907956
Elevator call,2231.8361504580835,-6,84,2,0
Elevator call,2232.3214983791286,36,-8,3,0, Done, dt, 663.6785016208714
Elevator call,2234.2270941190295,-6,52,2,0
Elevator call,2236.042603782985,-2,-8,3,0, Done, dt, 659.9573962170148
Elevator call,2241.170720452289,12,-8,2,1
Elevator call,2243.2262888110654,18,-1,3,0, Done, dt, 935.7737111889346
Elevator call,2251.4613602595814,93,-9,3,6, Done, dt, 737.5386397404186
Elevator call,2254.3618219372593,-1,42,3,8, Done, dt, 273.63817806274074
Elevator call,2261.5074145477065,39,0,3,0, Done, dt, 864.4925854522935
Elevator call,2261.692569772708,-2,77,2,0
Elevator call,2263.704459938657,46,41,1,0
Elevator call,2273.176779905255,34,-3,1,0
Elevator call,2277.3581445378272,-8,2,3,2, Done, dt, 69.64185546217277
Elevator call,2279.9622007779158,64,-4,2,0
Elevator call,2283.5602111426383,29,-3,1,0
Elevator call,2284.4914735138973,-9,-10,2,5
Elevator call,2284.8116710136774,-8,-7,3,0, Done, dt, 622.1883289863226
Elevator call,2287.4025632555663,72,-9,3,5, Done, dt, 1095.5974367444337
Elevator call,2290.734908718178,-7,0,2,1
Elevator call,2294.4424718164473,-8,-4,1,6
Elevator call,2299.8450112635733,68,0,1,0
Elevator call,2306.5349614133897,-7,-4,3,0, Done, dt, 657.4650385866103
Elevator call,2309.1883409382654,33,-3,3,0, Done, dt, 681.8116590617346
Elevator call,2310.6411658033726,93,-2,1,0
Elevator call,2317.5657462046565,40,23,3,2, Done, dt, 104.43425379534347
Elevator call,2317.8269373323214,67,-7,1,0
Elevator call,2317.8771053839428,-9,32,3,2, Done, dt, 197.12289461605724
Elevator call,2322.899527495319,-6,43,3,2, Done, dt, 299.10047250468097
Elevator call,2322.9265293765875,-5,18,3,7, Done, dt, 1156.0734706234125
Elevator call,2324.1501592095906,37,-6,3,1, Done, dt, 726.8498407904094
Elevator call,2330.605563707075,76,-8,2,1
Elevator call,2330.9863250382873,38,-9,1,5
Elevator call,2331.70993107934,17,46,3,2, Done, dt, 365.2900689206599
Elevator call,2333.662971893577,0,84,2,0
Elevator call,2340.1601898674744,74,0,1,0
Elevator call,2348.150041653228,-7,84,2,7
Elevator call,2354.2981839461927,25,-3,1,0
Elevator call,2359.4536108053444,-9,22,1,0
Elevator call,2360.6692470545195,-6,67,2,0
Elevator call,2362.2659770580826,83,-2,1,0
Elevator call,2370.0057922495243,66,14,3,1, Done, dt, 454.99420775047565
Elevator call,2371.2874858814603,0,28,2,0
Elevator call,2373.781177200145,-3,11,3,4, Done, dt, 52.218822799854934
Elevator call,2376.2638468069654,2,89,2,0
Elevator call,2377.636874621852,60,-7,2,0
Elevator call,2378.13998607122,70,-1,1,0
Elevator call,2379.7514952967376,-6,17,3,0, Done, dt, 1013.2485047032624
Elevator call,2382.044788410501,-4,81,3,9, Done, dt, 210.95521158949896
Elevator call,2383.8229899074795,-7,17,3,0, Done, dt, 1009.1770100925205
Elevator call,2385.2828325301425,23,-2,3,0, Done, dt, 250.7171674698575
Elevator call,2387.241648330506,-9,76,1,0
Elevator call,2390.1445902747987,-2,87,3,0, Done, dt, 1082.8554097252013
Elevator call,2391.239614841724,87,-2,2,0
Elevator call,2393.493325703101,79,-6,3,1, Done, dt, 657.5066742968988
Elevator call,2393.880062018883,-4,28,2,0
Elevator call,2394.41599747194,-9,58,2,5
Elevator call,2395.8785663049275,-3,31,2,5
Elevator call,2397.7225060581127,99,-3,1,0
Elevator call,2398.4681711994945,50,-7,1,0
Elevator call,2399.0243058960814,68,27,3,1, Done, dt, 96.97569410391861
Elevator call,2405.3879915923358,-3,6,3,0, Done, dt, 704.6120084076642
Elevator call,2410.518570067554,60,35,2,0
Elevator call,2410.751870221942,96,-1,3,3, Done, dt, 172.24812977805777
Elevator call,2411.41235912064,5,-1,1,1
Elevator call,2421.3700667834355,-6,68,2,0
Elevator call,2421.638330965294,-3,-9,3,5, Done, dt, 149.3616690347062
Elevator call,2422.047762487187,24,-2,3,0, Done, dt, 213.9522375128131
Elevator call,2426.9353012743386,6,-5,2,0
Elevator call,2432.179721712764,-9,-1,2,6
Elevator call,2433.0514032357246,74,-8,2,1
Elevator call,2438.9617515324608,67,0,1,0
Elevator call,2439.8431014194407,-3,-1,2,6
Elevator call,2442.6227976628834,-3,-1,3,0, Done, dt, 736.3772023371166
Elevator call,2444.3832905692334,-6,-7,3,0, Done, dt, 484.6167094307666
Elevator call,2447.435116341085,99,50,1,0
Elevator call,2447.8692982438984,-4,-6,2,0
Elevator call,2449.118020548336,80,71,1,0
Elevator call,2463.3545199987684,-6,-7,3,0, Done, dt, 465.6454800012316
Elevator call,2467.302332462817,83,-4,1,0
Elevator call,2476.1663176945544,79,-8,1,0
Elevator call,2477.584122544259,-8,-2,1,1
Elevator call,2478.0322772670493,-2,-6,3,0, Done, dt, 439.96772273295073
Elevator call,2482.6773062487546,-7,79,2,0
Elevator call,2486.043723963592,70,-1,1,0
Elevator call,2489.4764386965735,52,-9,3,5, Done, dt, 893.5235613034265
Elevator call,2489.540646371011,-4,-3,3,0, Done, dt, 501.459353628989
Elevator call,2490.199968929273,96,-5,1,0
Elevator call,2490.3913526194187,39,-7,3,0, Done, dt, 416.60864738058126
Elevator call,2490.3953829909597,31,-7,1,0
Elevator call,2493.201480849345,81,24,1,0
Elevator call,2497.121190070802,-2,-3,3,0, Done, dt, 493.8788099291978
Elevator call,2500.7941977189357,-1,0,3,0, Done, dt, 625.2058022810643
Elevator call,2502.806357364092,-2,20,1,5
Elevator call,2508.300299121295,-8,-1,1,6
Elevator call,2510.3114304608707,61,0,1,0
Elevator call,2511.7679603612887,41,38,1,0
Elevator call,2513.135362918554,27,-6,1,0
Elevator call,2518.6726516493186,82,64,3,4, Done, dt, 112.3273483506814
Elevator call,2518.7121492372958,-1,-8,3,0, Done, dt, 377.28785076270424
Elevator call,2519.998681808376,-7,8,3,4, Done, dt, 217.0013181916238
Elevator call,2524.5973533065376,-7,47,3,4, Done, dt, 301.40264669346243
Elevator call,2526.277384105768,45,-7,1,0
Elevator call,2531.408017914936,36,-6,3,0, Done, dt, 386.59198208506405
Elevator call,2531.5812871853122,48,0,1,0
Elevator call,2531.591807209142,67,-2,1,0
Elevator call,2534.9552466938185,69,-3,1,0
Elevator call,2538.4992621567803,-2,-5,3,0, Done, dt, 414.50073784321967
Elevator call,2542.1700509997077,-5,-7,3,0, Done, dt, 434.82994900029234
Elevator call,2543.0478247984524,23,-3,3,0, Done, dt, 447.95217520154756
Elevator call,2543.3332113740094,-9,0,3,4, Done, dt, 483.66678862599065
Elevator call,2547.157617575322,88,-5,1,0
Elevator call,2549.3492803525974,19,-5,2,0
Elevator call,2556.0522098035485,-3,-5,2,0
Elevator call,2557.16991721484,-3,54,3,4, Done, dt, 549.8300827851599
Elevator call,2561.68585891113,63,-5,2,0
Elevator call,2564.1433162864314,12,-2,3,0, Done, dt, 71.8566837135686
Elevator call,2564.786476406641,64,1,2,0
Elevator call,2566.8691097034225,19,-3,2,0
Elevator call,2567.1935091140194,15,-2,3,0, Done, dt, 68.80649088598057
Elevator call,2567.6999159129373,94,-8,3,4, Done, dt, 711.3000840870627
Elevator call,2569.157439870216,-7,0,3,0, Done, dt, 556.842560129784
Elevator call,2570.0758749957517,51,-7,1,0
Elevator call,2570.829610649845,-1,38,1,5
Elevator call,2573.6545773706566,86,-6,1,0
Elevator call,2578.040226656352,-2,60,3,4, Done, dt, 788.9597733436481
Elevator call,2580.766543499626,23,-7,1,0
Elevator call,2598.3001248938263,-6,-7,3,0, Done, dt, 330.69987510617375
Elevator call,2598.630298221444,55,-9,1,5
Elevator call,2601.418036607822,97,0,3,4, Done, dt, 929.5819633921778
Elevator call,2602.2213167083137,-3,5,3,0, Done, dt, 444.7786832916863
Elevator call,2611.476950047295,36,-2,3,0, Done, dt, 156.52304995270515
Elevator call,2612.2071362421257,69,-7,1,0
Elevator call,2618.332370458634,12,0,3,0, Done, dt, 507.66762954136584
Elevator call,2619.052570306915,-9,-4,3,4, Done, dt, 925.9474296930848
Elevator call,2621.2009609587844,-9,-2,3,4, Done, dt, 673.7990390412156
Elevator call,2622.0533183995385,79,-9,1,5
Elevator call,2623.1021511761087,0,91,1,5
Elevator call,2630.230599897946,100,-5,1,0
Elevator call,2630.504350581774,26,-5,3,0, Done, dt, 322.4956494182261
Elevator call,2633.0943070487956,65,-9,3,5, Done, dt, 749.9056929512044
Elevator call,2637.4299364854637,68,-4,1,0
Elevator call,2638.7086828856395,57,-8,3,4, Done, dt, 640.2913171143605
Elevator call,2641.1542637851467,81,-7,1,0
Elevator call,2642.340631755961,74,69,1,0
Elevator call,2645.1997823958563,-4,67,2,4
Elevator call,2646.25573926349,26,-1,3,0, Done, dt, 196.7442607365101
Elevator call,2654.3329927682726,54,0,1,0
Elevator call,2655.4899213659273,-6,31,1,4
Elevator call,2657.7123728353754,62,-2,1,0
Elevator call,2661.7485484353883,91,80,1,4
Elevator call,2662.205384433245,26,-3,3,0, Done, dt, 328.79461556675506
Elevator call,2664.37506380648,-1,12,1,4
Elevator call,2664.710815831351,-3,96,3,4, Done, dt, 760.2891841686492
Elevator call,2669.7560470251556,-9,60,3,4, Done, dt, 697.2439529748444
Elevator call,2674.0416723032395,28,0,1,0
Elevator call,2681.5748691173508,19,75,1,4
Elevator call,2686.2510375430193,1,-7,1,0
Elevator call,2697.03138109063,78,-3,1,0
Elevator call,2697.9212276658864,-9,-10,2,5
Elevator call,2703.5921193266804,35,-9,3,4, Done, dt, 304.4078806733196
Elevator call,2707.2369562874496,-9,-7,2,5
Elevator call,2707.5335746499513,47,-7,1,0
Elevator call,2719.610485461788,-6,74,3,2, Done, dt, 152.3895145382121
Elevator call,2719.990107379405,99,-9,3,2, Done, dt, 325.0098926205951
Elevator call,2725.4123425888515,-9,49,3,2, Done, dt, 387.5876574111485
Elevator call,2730.355307485069,12,-8,3,0, Done, dt, 165.6446925149312
Elevator call,2735.9818211631373,-7,-3,3,0, Done, dt, 255.01817883686272
Elevator call,2741.296573070143,-9,60,2,2
Elevator call,2751.5349394047707,30,-3,2,0
Elevator call,2754.793685709801,-7,-5,3,0, Done, dt, 198.20631429019886
Elevator call,2761.200255124358,-2,0,3,0, Done, dt, 364.79974487564186
Elevator call,2765.0099080171203,-9,71,3,2, Done, dt, 505.9900919828797
Elevator call,2767.6414015470364,23,-2,1,0
Elevator call,2767.7890981026376,12,-2,2,0
Elevator call,2769.976949532155,26,0,3,0, Done, dt, 356.0230504678452
Elevator call,2773.683167721264,97,82,3,2, Done, dt, 558.316832278736
Elevator call,2773.8220714880235,12,-6,3,0, Done, dt, 144.17792851197646
Elevator call,2782.6702852164703,8,-4,1,0
Elevator call,2782.9193657454803,87,-5,2,0
Elevator call,2784.61791671844,6,-9,3,4, Done, dt, 223.38208328155997
Elevator call,2787.081034480574,5,-5,2,0
Elevator call,2792.814559233928,44,-9,3,4, Done, dt, 215.18544076607213
Elevator call,2794.283611305012,87,-4,2,0
Elevator call,2805.838888991666,-7,20,1,5
Elevator call,2813.9260861607927,34,-9,3,4, Done, dt, 194.0739138392073
Elevator call,2816.4530957374654,71,-5,1,0
Elevator call,2818.14643263412,38,0,1,0
Elevator call,2820.1095577982824,5,0,3,0, Done, dt, 305.89044220171763
Elevator call,2820.181381443464,20,-3,1,0
Elevator call,2820.3960110026246,90,-9,1,4
Elevator call,2824.2498623410766,-8,0,1,1
Elevator call,2827.8628481914875,71,2,1,0
Elevator call,2829.0363434020783,74,-6,1,0
Elevator call,2829.2078420882526,26,-2,1,0
Elevator call,2832.891317421616,0,-1,3,0, Done, dt, 346.1086825783841
Elevator call,2834.227618965505,4,-2,1,0
Elevator call,2834.5600843672614,100,0,3,8, Done, dt, 221.43991563273858
Elevator call,2838.953853469283,61,-1,1,0
Elevator call,2839.165087969266,-5,-7,3,0, Done, dt, 137.8349120307339
Elevator call,2839.6532429662175,84,-8,3,8, Done, dt, 412.3467570337825
Elevator call,2843.66076345678,76,-9,3,5, Done, dt, 539.3392365432201
Elevator call,2844.0390257165845,72,-3,1,0
Elevator call,2856.3516775759094,2,0,3,0, Done, dt, 269.64832242409057
Elevator call,2862.0687944501838,72,-4,1,0
Elevator call,2863.1133033285378,-3,-1,3,0, Done, dt, 315.88669667146223
Elevator call,2867.457222432045,-8,-5,3,0, Done, dt, 85.542777567955
Elevator call,2868.248551751505,85,-5,1,0
Elevator call,2871.3777550410696,94,37,1,0
Elevator call,2872.9989439153587,91,-2,1,0
Elevator call,2874.76871708427,37,0,1,0
Elevator call,2875.728652175877,-9,8,3,8, Done, dt, 414.27134782412304
Elevator call,2881.0828655895416,11,-1,3,0, Done, dt, 297.9171344104584
Elevator call,2886.7780741986526,3,-9,3,2, Done, dt, 158.22192580134742
Elevator call,2890.5874403619664,84,-3,1,0
Elevator call,2890.81690977914,87,63,3,0, Done, dt, 616.1830902208599
Elevator call,2895.437474053706,-4,-2,2,0
Elevator call,2895.7750519621804,-6,-8,2,1
Elevator call,2900.431707590713,-6,-7,3,0, Done, dt, 28.568292409287096
Elevator call,2903.05313741171,-5,0,1,1
Elevator call,2904.069284762879,-8,-9,3,2, Done, dt, 140.93071523712115
Elevator call,2904.8293372438766,89,-5,1,0
Elevator call,2915.1610374019856,81,-3,1,0
Elevator call,2916.051564045638,72,-2,1,0
Elevator call,2917.608872169569,55,-3,1,0
Elevator call,2920.584401237239,0,-3,2,0
Elevator call,2920.8413840651856,65,44,1,0
Elevator call,2926.97853123421,51,42,1,0
Elevator call,2931.4764136980393,4,-7,1,0
Elevator call,2933.979241527996,77,69,1,0
Elevator call,2938.146119420455,16,-5,1,0
Elevator call,2943.4590584950756,60,31,2,0
Elevator call,2944.207987957163,66,56,3,8, Done, dt, 433.7920120428371
Elevator call,2944.3467352805483,90,-9,1,4
Elevator call,2945.6043821056865,-2,89,3,8, Done, dt, 601.3956178943135
Elevator call,2946.920514890693,16,-7,1,0
Elevator call,2948.9580905497833,82,-6,1,0
Elevator call,2950.1920368897036,2,34,3,2, Done, dt, 513.8079631102964
Elevator call,2958.2461483307566,1,-2,1,0
Elevator call,2958.964174984712,59,-1,1,1
Elevator call,2971.6470664510807,0,-1,3,0, Done, dt, 207.35293354891928
Elevator call,2972.7286975708316,46,-7,1,0
Elevator call,2974.9265083358437,25,0,1,0
Elevator call,2979.160467659897,6,0,3,0, Done, dt, 146.83953234010278
Elevator call,2980.850798316349,72,-1,1,4
Elevator call,2981.3881989140145,-6,-1,1,6
Elevator call,2981.4815338053727,5,-6,2,0
Elevator call,2982.4038921139677,-2,-8,2,1
Elevator call,2985.7872781621345,18,-6,2,0
Elevator call,2988.0161066868795,62,-7,1,0
Elevator call,2991.8921386600255,52,-1,1,1
Elevator call,2994.0590371699163,47,-7,1,0
Elevator call,2996.3737311396526,50,-6,1,0
Elevator call,3001.7472924855742,-9,0,2,2
Elevator call,3005.9179476855816,20,-6,1,0
Elevator call,3007.5605226619127,-1,0,2,0
Elevator call,3008.5683944319453,0,44,2,8
Elevator call,3008.7140830457192,88,-3,1,0
Elevator call,3016.6708030846485,72,-8,1,1
Elevator call,3022.6971791344104,-4,70,3,7, Done, dt, 158.30282086558964
Elevator call,3023.4692349433917,-4,59,2,5
Elevator call,3025.3526240938145,46,-8,1,1
Elevator call,3032.875621390165,89,72,1,0
Elevator call,3039.035610331036,-1,-2,2,0
Elevator call,3039.745460108051,56,-8,1,1
Elevator call,3043.381105927312,-6,-1,1,6
Elevator call,3048.5649408542677,-4,43,1,8
Elevator call,3049.629128216686,-6,-5,2,1
Elevator call,3050.5206616334963,-3,0,1,0
Elevator call,3054.5526105609097,55,-9,1,4
Elevator call,3059.428634128863,-8,4,1,0
Elevator call,3069.1887804000326,15,93,1,0
Elevator call,3075.120820110886,97,-8,1,0
Elevator call,3080.3120307907166,99,-5,1,0
Elevator call,3080.7167609816606,95,-8,2,0
Elevator call,3083.16606189538,87,42,2,0
Elevator call,3091.8581183933125,30,-8,1,1
Elevator call,3101.386930291006,-9,95,1,0
Elevator call,3104.9069292464974,-9,-10,2,5
Elevator call,3108.843808995711,85,-6,1,0
Elevator call,3110.0158485826128,-3,-1,1,0
Elevator call,3111.398296780325,-4,-9,3,4, Done, dt, 448.6017032196751
Elevator call,3112.7248919945578,86,-3,1,0
Elevator call,3113.030779557331,-2,-8,1,1
Elevator call,3113.910412649525,100,97,1,0
Elevator call,3116.537004178288,42,-6,1,0
Elevator call,3133.766119224859,71,-4,1,0
Elevator call,3133.819088567094,0,37,1,6
Elevator call,3141.8499857383576,19,-9,1,4
Elevator call,3149.410216724741,-8,-7,1,0
Elevator call,3151.613776276552,89,1,1,0
Elevator call,3153.222867197947,-6,23,1,0
Elevator call,3159.4678660380837,58,-5,1,0
Elevator call,3166.2402518598155,35,-4,1,0
Elevator call,3180.0822683109445,96,0,3,4, Done, dt, 350.9177316890555
Elevator call,3183.0034953859185,41,-3,1,0
Elevator call,3188.0658377694995,-7,36,1,0
Elevator call,3188.9007106348195,-4,-5,1,0
Elevator call,3191.0534519813505,52,-2,1,0
Elevator call,3191.633997566205,-9,-5,1,0
Elevator call,3192.5365852755494,86,-9,1,4
Elevator call,3208.4796943822043,36,-9,1,4
Elevator call,3210.7793337953217,23,-3,1,0
Elevator call,3213.0763742127674,33,-8,1,1
Elevator call,3218.2373679623743,-3,77,1,0
Elevator call,3233.6496084741684,10,-6,1,0
Elevator call,3239.167934094168,16,0,1,0
Elevator call,3241.3979831756596,92,-1,1,0
Elevator call,3243.8769538676115,23,-1,1,0
Elevator call,3245.606291138164,12,-6,1,0
Elevator call,3247.621405228394,84,-5,1,0
Elevator call,3253.919892175599,4,-1,1,0
Elevator call,3254.76399451584,3,-2,1,0
Elevator call,3256.2986436672563,60,-4,2,0
Elevator call,3259.9142215307706,37,-1,1,0
Elevator call,3273.391151964396,82,-2,1,0
Elevator call,3277.9398813904254,48,13,3,3, Done, dt, 73.0601186095746
Elevator call,3278.7262348762774,30,22,3,3, Done, dt, 117.27376512372257
Elevator call,3287.5252167862673,30,-4,2,0
Elevator call,3288.104053145415,95,20,3,3, Done, dt, 275.89594685458496
Elevator call,3289.098903553297,2,67,1,0
Elevator call,3297.416606859175,50,-7,1,0
Elevator call,3303.2722776898536,59,1,1,0
Elevator call,3315.0023330444583,27,23,1,0
Elevator call,3315.2357930598428,-7,10,1,3
Elevator call,3316.6062069078757,58,44,1,0
Elevator call,3320.4066654146523,-3,-6,1,0
Elevator call,3323.3533812328556,-9,62,1,3
Elevator call,3328.6428066652547,67,-2,1,0
Elevator call,3330.156910309705,45,0,1,0
Elevator call,3333.8432831826594,5,-2,1,0
Elevator call,3343.5964132093786,67,-3,1,0
Elevator call,3344.4553402712927,16,-2,1,0
Elevator call,3358.6678313228704,-6,-7,1,0
Elevator call,3359.3208053109356,88,26,1,0
Elevator call,3359.6498899005883,33,-2,1,0
Elevator call,3361.715438467562,75,-7,1,0
Elevator call,3361.888962895955,63,0,2,0
Elevator call,3366.4656977708864,69,-9,1,4
Elevator call,3367.638428158384,33,-5,1,0
Elevator call,3378.5312247874917,65,-3,1,0
Elevator call,3383.1101746334143,65,-5,1,0
Elevator call,3385.2464305353233,-5,-1,1,6
Elevator call,3385.8833917378406,92,-4,1,0
Elevator call,3386.4501681396573,-8,-6,1,0
Elevator call,3388.4137627005866,92,24,1,0
Elevator call,3393.2857316232567,10,-1,1,0
Elevator call,3394.321203156028,-9,12,1,0
Elevator call,3394.987033397337,91,-2,1,0
Elevator call,3417.827749355719,15,-5,1,0
Elevator call,3418.8509131488263,46,-1,1,0
Elevator call,3423.456534082525,95,-2,1,0
Elevator call,3440.7298600375802,-3,-5,1,0
Elevator call,3441.660117858837,-8,-1,1,6
Elevator call,3448.4456421894647,5,-5,1,0
Elevator call,3451.4203083357397,90,-3,1,0
Elevator call,3451.750826337353,82,-2,1,0
Elevator call,3451.972312180449,61,-5,1,0
Elevator call,3452.6704248820165,64,-5,1,0
Elevator call,3457.0163546049484,0,-7,1,0
Elevator call,3459.4036188763357,55,52,1,0
Elevator call,3462.070628054928,21,-6,1,0
Elevator call,3462.075199754012,0,-4,1,0
Elevator call,3464.585150942318,52,-8,1,1
Elevator call,3466.2767947812263,77,13,3,2, Done, dt, 127.72320521877373
Elevator call,3471.5025233652577,88,-1,1,0
Elevator call,3473.310881079986,36,0,1,0
Elevator call,3475.649076033618,75,-7,1,0
Elevator call,3477.6853174777557,-9,-6,2,6
Elevator call,3483.754837274394,73,0,1,0
Elevator call,3491.642056360314,85,0,1,0
Elevator call,3498.2161818606683,-4,-7,1,0
Elevator call,3502.0915653681823,84,-4,1,0
Elevator call,3513.0100329913203,22,-8,1,1
Elevator call,3513.677771096561,7,-4,1,0
Elevator call,3516.0264533100676,13,0,1,0
Elevator call,3522.9330534833266,94,-4,1,0
Elevator call,3523.035780230918,0,-6,1,0
Elevator call,3532.343509915135,-8,-2,1,0
Elevator call,3533.2398652773627,1,-6,1,0
Elevator call,3536.046287113766,-3,0,1,0
Elevator call,3543.062466806994,91,-2,1,0
Elevator call,3543.8915378014176,22,-3,1,0
Elevator call,3545.8481808669085,72,-3,1,0
Elevator call,3554.5416737829837,82,-4,1,0
Elevator call,3557.1560100037423,77,47,1,0
Elevator call,3564.7385209379204,8,-9,1,3
Elevator call,3564.7967377212817,12,-8,1,1
Elevator call,3569.1391690120718,82,-4,1,0
Elevator call,3570.3036949573066,-9,-2,1,2
Elevator call,3571.0477891850414,34,-8,1,1
Elevator call,3572.911609406973,6,-6,1,0
Elevator call,3583.794949086157,56,-1,1,0
Elevator call,3587.195387436732,89,-5,1,0
Elevator call,3587.2176557007815,28,-6,1,0
Elevator call,3589.038047558616,63,-2,1,0
